architecture_family_short,architecture_family_label,rows,lost_rows,lost_share
services_competition_mobility_governance,"Services, Competition and Mobility Governance Architecture",18628,1670,0.09
preferential_goods_trade_administration,Preferential Goods-Trade Administration Architecture,28310,1956,0.069
trade_facilitation_regulatory_governance,Trade Facilitation and Regulatory Governance Architecture,10444,572,0.055
minimalist_institutional,Minimalist Institutional Architecture,84412,60,0.001
comprehensive_market_access_enforcement,Comprehensive Market-Access and Enforcement Architecture,896,0,0
export_liberalisation_regulatory_compatibility,Export Liberalisation and Regulatory Compatibility Architecture,243,0,0
public_procurement_governance,Public Procurement Governance Architecture,1694,0,0
services_investment_capital_mobility,Services–Investment and Capital Mobility Architecture,1916,0,0
sustainable_development_regulatory_integration,Sustainable-Development and Regulatory Integration Architecture,23360,0,0
